run,completion,targets,survival,fragmentation,duration,reward
0,1.0,1.0,1.0,0.0,56.0,3.410757064819336
1,1.0,1.0,1.0,0.0,58.0,3.0416884422302246
2,1.0,1.0,1.0,0.0,44.0,4.490464687347412
3,1.0,1.0,1.0,0.0,37.0,5.722595691680908
4,1.0,1.0,1.0,0.0,55.0,3.4159462451934814
5,1.0,1.0,1.0,0.0,52.0,3.7863550186157227
6,1.0,1.0,1.0,0.0,47.0,4.311110496520996
7,0.0,0.5,0.0,0.0,37.0,-8.392448425292969
8,1.0,1.0,1.0,0.0,46.0,4.166402816772461
9,1.0,1.0,1.0,0.0,40.0,4.973526954650879
10,1.0,1.0,1.0,0.0,61.0,2.4327101707458496
11,1.0,1.0,1.0,0.0,63.0,2.591597080230713
12,1.0,1.0,1.0,0.0,35.0,5.9920759201049805
13,1.0,1.0,1.0,0.0,38.0,5.319906234741211
14,1.0,1.0,1.0,0.0,58.0,3.2248899936676025
15,1.0,1.0,1.0,0.0,52.0,3.6852731704711914
16,1.0,1.0,1.0,0.0,44.0,4.461705684661865
17,1.0,1.0,1.0,0.0,48.0,4.302420139312744
18,1.0,1.0,1.0,0.0,65.0,2.141566753387451
19,1.0,1.0,1.0,0.0,54.0,3.7706480026245117
20,1.0,1.0,1.0,0.0,59.0,3.080796957015991
21,1.0,1.0,1.0,0.0,42.0,4.746782302856445
22,1.0,1.0,1.0,0.0,67.0,1.7923321723937988
23,1.0,1.0,1.0,0.0,42.0,4.652283668518066
24,1.0,1.0,1.0,0.0,39.0,5.323526382446289
25,1.0,1.0,1.0,0.0,57.0,3.220571517944336
26,1.0,1.0,1.0,0.0,49.0,4.1427154541015625
27,1.0,1.0,1.0,0.0,47.0,4.764949798583984
28,1.0,1.0,1.0,0.0,55.0,3.16770076751709
29,1.0,1.0,1.0,0.0,48.0,4.4082536697387695
30,1.0,1.0,1.0,0.0,46.0,4.768561363220215
31,1.0,1.0,1.0,0.0,44.0,4.952722072601318
32,1.0,1.0,1.0,0.0,62.0,2.8758320808410645
33,1.0,1.0,1.0,0.0,46.0,4.492079257965088
34,1.0,1.0,1.0,0.0,47.0,4.523113250732422
35,1.0,1.0,1.0,0.0,51.0,3.6057558059692383
36,1.0,1.0,1.0,0.0,40.0,5.153298377990723
37,1.0,1.0,1.0,0.0,57.0,3.386746406555176
38,1.0,1.0,1.0,0.0,40.0,5.115352630615234
39,1.0,1.0,1.0,0.0,35.0,5.7619805335998535
40,1.0,1.0,1.0,0.0,56.0,3.6997017860412598
41,1.0,1.0,1.0,0.0,64.0,2.000967025756836
42,1.0,1.0,1.0,0.0,51.0,3.834587574005127
43,1.0,1.0,1.0,0.0,46.0,4.119845390319824
44,1.0,1.0,1.0,0.0,35.0,5.732204914093018
45,1.0,1.0,1.0,0.0,44.0,4.907967567443848
46,1.0,1.0,1.0,0.0,76.0,0.6783924102783203
47,1.0,1.0,1.0,0.0,48.0,3.9184203147888184
48,1.0,1.0,1.0,0.0,64.0,2.6095595359802246
49,1.0,1.0,1.0,0.0,67.0,2.324545383453369
50,1.0,1.0,1.0,0.0,48.0,4.030336856842041
51,1.0,1.0,1.0,0.0,51.0,3.735854148864746
52,0.0,0.0,0.0,0.0,47.0,-12.55182933807373
53,1.0,1.0,1.0,0.0,74.0,1.174776554107666
54,1.0,1.0,1.0,0.0,43.0,4.875704765319824
55,1.0,1.0,1.0,0.0,43.0,4.931817531585693
56,1.0,1.0,1.0,0.0,64.0,2.1607792377471924
57,1.0,1.0,1.0,0.0,46.0,4.529789924621582
58,1.0,1.0,1.0,0.0,55.0,3.7423830032348633
59,1.0,1.0,1.0,0.0,44.0,4.772453308105469
60,1.0,1.0,1.0,0.0,57.0,3.3143787384033203
61,1.0,1.0,1.0,0.0,72.0,1.557455062866211
62,1.0,1.0,1.0,0.0,63.0,2.4980075359344482
63,1.0,1.0,1.0,0.0,48.0,4.399158954620361
64,1.0,1.0,1.0,0.0,38.0,5.405913829803467
65,1.0,1.0,1.0,0.0,42.0,4.904645919799805
66,0.0,0.5,0.0,0.0,31.0,-8.077680587768555
67,1.0,1.0,1.0,0.0,35.0,5.811750411987305
68,1.0,1.0,1.0,0.0,68.0,2.195021629333496
69,1.0,1.0,1.0,0.0,59.0,2.870750665664673
70,1.0,1.0,1.0,0.0,42.0,5.12531042098999
71,1.0,1.0,1.0,0.0,60.0,2.5182442665100098
72,1.0,1.0,1.0,0.0,50.0,4.251089572906494
73,1.0,1.0,1.0,0.0,64.0,2.254150390625
74,1.0,1.0,1.0,0.0,45.0,4.415859222412109
75,1.0,1.0,1.0,0.0,62.0,3.0998880863189697
76,1.0,1.0,1.0,0.0,64.0,2.139754056930542
77,1.0,1.0,1.0,0.0,39.0,5.246873378753662
78,1.0,1.0,1.0,0.0,56.0,3.115544080734253
79,1.0,1.0,1.0,0.0,42.0,4.637871265411377
80,1.0,1.0,1.0,0.0,58.0,3.1820507049560547
81,1.0,1.0,1.0,0.0,45.0,4.753938674926758
82,1.0,1.0,1.0,0.0,42.0,4.941470623016357
83,1.0,1.0,1.0,0.0,54.0,3.4693710803985596
84,1.0,1.0,1.0,0.0,45.0,4.381323337554932
85,1.0,1.0,1.0,0.0,43.0,4.899123191833496
86,1.0,1.0,1.0,0.0,60.0,3.2178266048431396
87,1.0,1.0,1.0,0.0,39.0,5.066984176635742
88,1.0,1.0,1.0,0.0,65.0,1.57334566116333
89,1.0,1.0,1.0,0.0,44.0,4.745765686035156
90,1.0,1.0,1.0,0.0,70.0,1.2927799224853516
91,1.0,1.0,1.0,0.0,46.0,4.413349151611328
92,1.0,1.0,1.0,0.0,56.0,3.205357313156128
93,1.0,1.0,1.0,0.0,50.0,3.789964199066162
94,1.0,1.0,1.0,0.0,38.0,5.373176574707031
95,1.0,1.0,1.0,0.0,54.0,3.859035015106201
96,0.0,0.5,0.0,0.0,50.0,-9.89035701751709
97,1.0,1.0,1.0,0.0,69.0,1.3655385971069336
98,1.0,1.0,1.0,0.0,41.0,5.0607218742370605
99,1.0,1.0,1.0,0.0,70.0,1.8070883750915527
100,1.0,1.0,1.0,0.0,46.0,4.966121196746826
101,1.0,1.0,1.0,0.0,42.0,4.951142311096191
102,1.0,1.0,1.0,0.0,39.0,5.452438831329346
103,1.0,1.0,1.0,0.0,45.0,4.738124370574951
104,1.0,1.0,1.0,0.0,48.0,4.270483493804932
105,1.0,1.0,1.0,0.0,52.0,3.7226831912994385
106,1.0,1.0,1.0,0.0,50.0,4.21494197845459
107,1.0,1.0,1.0,0.0,48.0,4.413302421569824
108,1.0,1.0,1.0,0.0,46.0,5.020891189575195
109,1.0,1.0,1.0,0.0,43.0,4.716281890869141
110,1.0,1.0,1.0,0.0,55.0,3.154714345932007
111,0.0,0.5,0.0,0.0,49.0,-10.583955764770508
112,1.0,1.0,1.0,0.0,39.0,5.079195976257324
113,1.0,1.0,1.0,0.0,38.0,5.6755595207214355
114,1.0,1.0,1.0,0.0,40.0,5.076169967651367
115,1.0,1.0,1.0,0.0,47.0,4.415271759033203
116,1.0,1.0,1.0,0.0,38.0,5.170200824737549
117,1.0,1.0,1.0,0.0,70.0,1.20499849319458
118,1.0,1.0,1.0,0.0,34.0,5.943556308746338
119,1.0,1.0,1.0,0.0,39.0,5.5713276863098145
120,1.0,1.0,1.0,0.0,75.0,0.9658303260803223
121,0.0,0.5,0.0,0.0,72.0,-12.667858123779297
122,1.0,1.0,1.0,0.0,50.0,4.095252990722656
123,1.0,1.0,1.0,0.0,42.0,4.755035400390625
124,1.0,1.0,1.0,0.0,55.0,3.3581535816192627
125,1.0,1.0,1.0,0.0,51.0,3.9844565391540527
126,1.0,1.0,1.0,0.0,53.0,3.2644171714782715
127,1.0,1.0,1.0,0.0,51.0,3.9173622131347656
128,1.0,1.0,1.0,0.0,57.0,3.231503963470459
129,1.0,1.0,1.0,0.0,52.0,3.736726999282837
130,1.0,1.0,1.0,0.0,48.0,4.085732936859131
131,1.0,1.0,1.0,0.0,58.0,2.614797353744507
132,1.0,1.0,1.0,0.0,51.0,4.042788505554199
133,1.0,1.0,1.0,0.0,60.0,2.4603021144866943
134,1.0,1.0,1.0,0.0,62.0,2.4321227073669434
135,1.0,1.0,1.0,0.0,59.0,2.5055453777313232
136,1.0,1.0,1.0,0.0,62.0,2.3631882667541504
137,1.0,1.0,1.0,0.0,45.0,4.239895343780518
138,1.0,1.0,1.0,0.0,56.0,3.552645444869995
139,1.0,1.0,1.0,0.0,43.0,4.8204803466796875
140,1.0,1.0,1.0,0.0,57.0,3.1935946941375732
141,1.0,1.0,1.0,0.0,44.0,4.74213981628418
142,1.0,1.0,1.0,0.0,56.0,3.509209156036377
143,0.0,0.5,0.0,0.0,45.0,-9.605672836303711
144,1.0,1.0,1.0,0.0,65.0,2.2830045223236084
145,1.0,1.0,1.0,0.0,42.0,5.003684043884277
146,1.0,1.0,1.0,0.0,43.0,4.781378746032715
147,1.0,1.0,1.0,0.0,41.0,5.1601104736328125
148,1.0,1.0,1.0,0.0,36.0,5.811157703399658
149,1.0,1.0,1.0,0.0,48.0,4.122894763946533
150,1.0,1.0,1.0,0.0,53.0,3.7416765689849854
151,1.0,1.0,1.0,0.0,52.0,3.8812077045440674
152,1.0,1.0,1.0,0.0,44.0,4.586001396179199
153,1.0,1.0,1.0,0.0,41.0,4.977351188659668
154,1.0,1.0,1.0,0.0,40.0,5.200325012207031
155,1.0,1.0,1.0,0.0,50.0,3.82780122756958
156,1.0,1.0,1.0,0.0,37.0,5.79514741897583
157,1.0,1.0,1.0,0.0,55.0,3.6302053928375244
158,1.0,1.0,1.0,0.0,45.0,4.362027168273926
159,1.0,1.0,1.0,0.0,52.0,4.053517818450928
160,1.0,1.0,1.0,0.0,65.0,2.3657591342926025
161,1.0,1.0,1.0,0.0,46.0,3.9181931018829346
162,1.0,1.0,1.0,0.0,53.0,3.994265556335449
163,1.0,1.0,1.0,0.0,60.0,2.513158082962036
164,1.0,1.0,1.0,0.0,58.0,2.995436906814575
165,1.0,1.0,1.0,0.0,42.0,5.065113544464111
166,0.0,0.5,0.0,0.0,46.0,-9.381450653076172
167,1.0,1.0,1.0,0.0,50.0,3.9202656745910645
168,1.0,1.0,1.0,0.0,46.0,4.93143367767334
169,1.0,1.0,1.0,0.0,50.0,3.9314215183258057
170,1.0,1.0,1.0,0.0,72.0,0.9764070510864258
171,1.0,1.0,1.0,0.0,59.0,3.538713216781616
172,1.0,1.0,1.0,0.0,50.0,3.7373175621032715
173,1.0,1.0,1.0,0.0,53.0,3.5830283164978027
174,1.0,1.0,1.0,0.0,61.0,2.772775173187256
175,1.0,1.0,1.0,0.0,52.0,4.1972198486328125
176,1.0,1.0,1.0,0.0,44.0,4.43333625793457
177,1.0,1.0,1.0,0.0,79.0,0.4436163902282715
178,1.0,1.0,1.0,0.0,44.0,4.571791648864746
179,1.0,1.0,1.0,0.0,44.0,4.763088226318359
180,0.0,0.5,0.0,0.0,52.0,-10.62869930267334
181,1.0,1.0,1.0,0.0,40.0,5.38181209564209
182,1.0,1.0,1.0,0.0,47.0,4.427111625671387
183,1.0,1.0,1.0,0.0,42.0,4.8955607414245605
184,1.0,1.0,1.0,0.0,41.0,5.052740097045898
185,1.0,1.0,1.0,0.0,50.0,4.251681327819824
186,1.0,1.0,1.0,0.0,42.0,4.6500244140625
187,1.0,1.0,1.0,0.0,62.0,2.3093888759613037
188,1.0,1.0,1.0,0.0,36.0,5.758775234222412
189,1.0,1.0,0.6666666865348816,0.0,52.0,0.6161680221557617
190,1.0,1.0,1.0,0.0,39.0,5.4884185791015625
191,1.0,1.0,1.0,0.0,63.0,2.5132956504821777
192,1.0,1.0,1.0,0.0,64.0,2.710946559906006
193,1.0,1.0,1.0,0.0,47.0,4.215022087097168
194,1.0,1.0,1.0,0.0,62.0,2.7246222496032715
195,1.0,1.0,1.0,0.0,46.0,4.719032287597656
196,1.0,1.0,1.0,0.0,76.0,0.9809465408325195
197,1.0,1.0,1.0,0.0,48.0,4.073111534118652
198,1.0,1.0,1.0,0.0,40.0,5.283333778381348
199,1.0,1.0,1.0,0.0,43.0,5.1630706787109375
200,1.0,1.0,1.0,0.0,44.0,4.720052242279053
201,1.0,1.0,1.0,0.0,37.0,5.80661678314209
202,1.0,1.0,1.0,0.0,61.0,2.763791084289551
203,1.0,1.0,0.6666666865348816,0.0,76.0,-1.9193501472473145
204,1.0,1.0,1.0,0.0,71.0,1.3543968200683594
205,1.0,1.0,1.0,0.0,54.0,3.836919069290161
206,1.0,1.0,1.0,0.0,57.0,2.704728841781616
207,1.0,1.0,1.0,0.0,39.0,5.127504348754883
208,1.0,1.0,1.0,0.0,45.0,4.743221759796143
209,1.0,1.0,1.0,0.0,70.0,0.5273542404174805
210,1.0,1.0,1.0,0.0,64.0,2.332118511199951
211,1.0,1.0,1.0,0.0,77.0,0.32692670822143555
212,1.0,1.0,1.0,0.0,37.0,5.591698169708252
213,1.0,1.0,1.0,0.0,53.0,3.3125243186950684
214,1.0,1.0,1.0,0.0,62.0,2.6827316284179688
215,1.0,1.0,1.0,0.0,47.0,4.538132667541504
216,1.0,1.0,1.0,0.0,38.0,5.508733749389648
217,1.0,1.0,1.0,0.0,53.0,3.607825994491577
218,1.0,1.0,1.0,0.0,47.0,4.384281635284424
219,1.0,1.0,1.0,0.0,61.0,3.0478861331939697
220,1.0,1.0,1.0,0.0,50.0,4.00522518157959
221,1.0,1.0,1.0,0.0,44.0,4.6548919677734375
222,1.0,1.0,1.0,0.0,47.0,4.153753280639648
223,1.0,1.0,1.0,0.0,46.0,4.4746832847595215
224,1.0,1.0,1.0,0.0,62.0,2.473912239074707
225,1.0,1.0,1.0,0.0,41.0,4.8675947189331055
226,1.0,1.0,1.0,0.0,44.0,4.817903995513916
227,1.0,1.0,1.0,0.0,54.0,3.5080387592315674
228,1.0,1.0,1.0,0.0,51.0,3.8031704425811768
229,1.0,1.0,1.0,0.0,44.0,4.978438377380371
230,1.0,1.0,1.0,0.0,70.0,1.3941783905029297
231,1.0,1.0,1.0,0.0,55.0,3.391206979751587
232,1.0,1.0,1.0,0.0,38.0,5.595561981201172
233,1.0,1.0,1.0,0.0,39.0,4.922310829162598
234,1.0,1.0,1.0,0.0,55.0,3.749894380569458
235,1.0,1.0,1.0,0.0,38.0,5.474478244781494
236,1.0,1.0,1.0,0.0,45.0,4.242100715637207
237,1.0,1.0,1.0,0.0,47.0,4.723726272583008
238,1.0,1.0,1.0,0.0,41.0,5.162405967712402
239,0.0,0.0,0.0,0.0,43.0,-11.737177848815918
240,1.0,1.0,1.0,0.0,66.0,1.8841309547424316
241,1.0,1.0,1.0,0.0,62.0,2.491593599319458
242,1.0,1.0,1.0,0.0,37.0,5.433215141296387
243,1.0,1.0,1.0,0.0,65.0,2.3300580978393555
244,0.0,0.5,0.0,0.0,72.0,-13.138906478881836
245,1.0,1.0,1.0,0.0,49.0,3.9355053901672363
246,1.0,1.0,1.0,0.0,48.0,4.463573455810547
247,1.0,1.0,1.0,0.0,48.0,4.357208251953125
248,1.0,1.0,1.0,0.0,76.0,0.7276043891906738
249,1.0,1.0,1.0,0.0,48.0,4.314234733581543
250,1.0,1.0,1.0,0.0,55.0,3.8113622665405273
251,1.0,1.0,1.0,0.0,58.0,2.7907955646514893
252,1.0,1.0,1.0,0.0,45.0,4.4590840339660645
253,1.0,1.0,1.0,0.0,38.0,5.494281768798828
254,1.0,1.0,1.0,0.0,48.0,4.133656978607178
255,1.0,1.0,1.0,0.0,47.0,3.9508233070373535
256,1.0,1.0,1.0,0.0,57.0,3.3006012439727783
257,1.0,1.0,1.0,0.0,45.0,4.47674036026001
258,1.0,1.0,1.0,0.0,49.0,4.188483715057373
259,1.0,1.0,1.0,0.0,52.0,3.822538375854492
260,1.0,1.0,1.0,0.0,58.0,3.1090078353881836
261,1.0,1.0,1.0,0.0,54.0,3.6151821613311768
262,1.0,1.0,1.0,0.0,55.0,3.2023491859436035
263,1.0,1.0,1.0,0.0,52.0,3.6238925457000732
264,1.0,1.0,1.0,0.0,51.0,3.3967559337615967
265,1.0,1.0,1.0,0.0,73.0,0.6024751663208008
266,1.0,1.0,1.0,0.0,68.0,1.220308780670166
267,1.0,1.0,1.0,0.0,37.0,5.479374885559082
268,1.0,1.0,1.0,0.0,45.0,4.772346496582031
269,1.0,1.0,1.0,0.0,68.0,1.7741165161132812
270,1.0,1.0,1.0,0.0,40.0,5.170942783355713
271,1.0,1.0,1.0,0.0,44.0,4.580039978027344
272,1.0,1.0,1.0,0.0,41.0,4.946866035461426
273,1.0,1.0,1.0,0.0,41.0,4.692758083343506
274,1.0,1.0,1.0,0.0,54.0,3.19682240486145
275,1.0,1.0,1.0,0.0,37.0,5.361736297607422
276,1.0,1.0,1.0,0.0,54.0,3.1831483840942383
277,1.0,1.0,1.0,0.0,39.0,4.976710796356201
278,1.0,1.0,1.0,0.0,36.0,5.859447002410889
279,1.0,1.0,1.0,0.0,36.0,5.820075035095215
280,1.0,1.0,1.0,0.0,40.0,5.3059258460998535
281,0.0,0.0,0.0,0.0,19.0,-10.363470077514648
282,1.0,1.0,1.0,0.0,41.0,4.593464374542236
283,1.0,1.0,1.0,0.0,35.0,5.69719934463501
284,1.0,1.0,1.0,0.0,38.0,5.000590801239014
285,1.0,1.0,1.0,0.0,63.0,2.2598888874053955
286,1.0,1.0,1.0,0.0,66.0,1.6614255905151367
287,1.0,1.0,1.0,0.0,69.0,1.4751944541931152
288,1.0,1.0,1.0,0.0,50.0,4.320151329040527
289,1.0,1.0,1.0,0.0,47.0,3.9832568168640137
290,1.0,1.0,1.0,0.0,62.0,2.412360191345215
291,1.0,1.0,1.0,0.0,58.0,3.1637156009674072
292,1.0,1.0,1.0,0.0,53.0,3.700944423675537
293,1.0,1.0,1.0,0.0,35.0,5.614809036254883
294,1.0,1.0,1.0,0.0,51.0,3.8761157989501953
295,1.0,1.0,1.0,0.0,38.0,5.276279449462891
296,1.0,1.0,1.0,0.0,46.0,4.427713394165039
297,1.0,1.0,1.0,0.0,59.0,2.998210906982422
298,1.0,1.0,1.0,0.0,54.0,3.3775734901428223
299,1.0,1.0,1.0,0.0,42.0,4.932263374328613
300,1.0,1.0,1.0,0.0,49.0,4.174155235290527
301,1.0,1.0,1.0,0.0,65.0,2.0697672367095947
302,1.0,1.0,1.0,0.0,36.0,5.5748982429504395
303,1.0,1.0,1.0,0.0,65.0,2.013040542602539
304,1.0,1.0,1.0,0.0,63.0,2.379556894302368
305,1.0,1.0,1.0,0.0,59.0,2.722426652908325
306,1.0,1.0,1.0,0.0,64.0,2.3472139835357666
307,1.0,1.0,1.0,0.0,42.0,4.846116065979004
308,1.0,1.0,1.0,0.0,55.0,3.0719358921051025
309,1.0,1.0,1.0,0.0,44.0,4.974631309509277
310,1.0,1.0,1.0,0.0,46.0,4.685367107391357
311,1.0,1.0,1.0,0.0,36.0,5.403639316558838
312,1.0,1.0,1.0,0.0,44.0,4.585700988769531
313,1.0,1.0,1.0,0.0,46.0,4.2779459953308105
314,1.0,1.0,1.0,0.0,47.0,4.140933513641357
315,0.0,0.5,0.0,0.0,48.0,-6.512460708618164
316,1.0,1.0,1.0,0.0,44.0,4.451684474945068
317,1.0,1.0,1.0,0.0,48.0,4.3888092041015625
318,0.0,0.5,0.0,0.0,45.0,-7.894016742706299
319,0.0,0.5,0.0,0.0,45.0,-9.148195266723633
320,1.0,1.0,1.0,0.0,50.0,3.7067577838897705
321,1.0,1.0,1.0,0.0,36.0,5.518115520477295
322,1.0,1.0,1.0,0.0,56.0,3.479509115219116
323,1.0,1.0,1.0,0.0,38.0,5.499790191650391
324,1.0,1.0,1.0,0.0,40.0,5.455905914306641
325,1.0,1.0,1.0,0.0,56.0,3.0713436603546143
326,1.0,1.0,1.0,0.0,43.0,5.025015830993652
327,0.0,0.5,0.0,0.0,51.0,-9.955485343933105
328,1.0,1.0,1.0,0.0,76.0,0.4559803009033203
329,1.0,1.0,1.0,0.0,34.0,5.827279567718506
330,1.0,1.0,1.0,0.0,69.0,1.838498592376709
331,1.0,1.0,1.0,0.0,37.0,5.356164455413818
332,1.0,1.0,1.0,0.0,68.0,1.867380142211914
333,1.0,1.0,1.0,0.0,53.0,3.4026999473571777
334,1.0,1.0,1.0,0.0,41.0,5.344817161560059
335,1.0,1.0,1.0,0.0,49.0,4.079758644104004
336,1.0,1.0,1.0,0.0,39.0,5.349825859069824
337,1.0,1.0,1.0,0.0,59.0,2.911121368408203
338,1.0,1.0,1.0,0.0,45.0,4.909851551055908
339,1.0,1.0,1.0,0.0,54.0,3.456984519958496
340,1.0,1.0,1.0,0.0,45.0,4.236393451690674
341,1.0,1.0,1.0,0.0,70.0,1.8000497817993164
342,1.0,1.0,1.0,0.0,47.0,4.257343292236328
343,1.0,1.0,1.0,0.0,50.0,4.051181316375732
344,1.0,1.0,1.0,0.0,67.0,1.9326815605163574
345,1.0,1.0,1.0,0.0,39.0,5.091723918914795
346,1.0,1.0,1.0,0.0,43.0,5.061913013458252
347,1.0,1.0,1.0,0.0,51.0,3.441704511642456
348,1.0,1.0,1.0,0.0,37.0,5.693860054016113
349,1.0,1.0,1.0,0.0,52.0,3.1391749382019043
350,1.0,1.0,1.0,0.0,48.0,4.132171630859375
351,1.0,1.0,1.0,0.0,50.0,4.179264068603516
352,1.0,1.0,1.0,0.0,60.0,2.742042303085327
353,1.0,1.0,1.0,0.0,60.0,3.080264091491699
354,1.0,1.0,1.0,0.0,56.0,3.5428667068481445
355,1.0,1.0,1.0,0.0,49.0,3.9730653762817383
356,1.0,1.0,1.0,0.0,50.0,3.9272186756134033
357,1.0,1.0,1.0,0.0,70.0,1.5137076377868652
358,1.0,1.0,1.0,0.0,53.0,3.6886520385742188
359,1.0,1.0,1.0,0.0,34.0,5.775427341461182
360,1.0,1.0,1.0,0.0,48.0,3.840048313140869
361,1.0,1.0,1.0,0.0,40.0,4.8516998291015625
362,1.0,1.0,1.0,0.0,47.0,4.581787109375
363,1.0,1.0,1.0,0.0,49.0,4.076503276824951
364,1.0,1.0,1.0,0.0,58.0,2.9748198986053467
365,1.0,1.0,1.0,0.0,58.0,2.944896697998047
366,1.0,1.0,1.0,0.0,48.0,4.163328647613525
367,1.0,1.0,1.0,0.0,41.0,4.969048500061035
368,1.0,1.0,1.0,0.0,39.0,5.213100433349609
369,1.0,1.0,1.0,0.0,50.0,3.289924144744873
370,1.0,1.0,1.0,0.0,60.0,2.8210010528564453
371,1.0,1.0,1.0,0.0,43.0,4.949746131896973
372,0.0,0.5,0.0,0.0,39.0,-10.494263648986816
373,1.0,1.0,1.0,0.0,59.0,3.036041021347046
374,1.0,1.0,1.0,0.0,48.0,4.018536567687988
375,1.0,1.0,1.0,0.0,50.0,3.7368829250335693
376,1.0,1.0,1.0,0.0,54.0,3.6832051277160645
377,1.0,1.0,1.0,0.0,49.0,4.254552841186523
378,1.0,1.0,1.0,0.0,50.0,3.962368965148926
379,1.0,1.0,1.0,0.0,44.0,4.707124710083008
380,1.0,1.0,1.0,0.0,47.0,4.136361122131348
381,1.0,1.0,1.0,0.0,60.0,2.6282236576080322
382,1.0,1.0,1.0,0.0,71.0,1.3389549255371094
383,1.0,1.0,1.0,0.0,46.0,4.155776023864746
384,0.0,0.5,0.0,0.0,36.0,-8.553895950317383
385,0.0,0.5,0.0,0.0,54.0,-8.873333930969238
386,0.0,0.5,0.0,0.0,39.0,-8.8063383102417
387,1.0,1.0,1.0,0.0,56.0,3.3775765895843506
388,1.0,1.0,1.0,0.0,64.0,1.9231395721435547
389,1.0,1.0,1.0,0.0,40.0,4.987367630004883
390,1.0,1.0,1.0,0.0,70.0,1.393324851989746
391,1.0,1.0,1.0,0.0,51.0,3.7066333293914795
392,1.0,1.0,1.0,0.0,44.0,4.899070739746094
393,1.0,1.0,0.6666666865348816,0.0,42.0,1.6412190198898315
394,1.0,1.0,1.0,0.0,41.0,4.808716773986816
395,1.0,1.0,1.0,0.0,37.0,5.715171813964844
396,1.0,1.0,1.0,0.0,41.0,4.729070663452148
397,1.0,1.0,1.0,0.0,43.0,4.8001556396484375
398,1.0,1.0,1.0,0.0,45.0,4.529734134674072
399,1.0,1.0,1.0,0.0,41.0,4.922362327575684
400,1.0,1.0,0.6666666865348816,0.0,48.0,0.8742060661315918
401,1.0,1.0,1.0,0.0,49.0,4.012704372406006
402,1.0,1.0,1.0,0.0,42.0,4.7772393226623535
403,1.0,1.0,1.0,0.0,39.0,5.406432151794434
404,1.0,1.0,1.0,0.0,49.0,3.755234718322754
405,1.0,1.0,1.0,0.0,50.0,4.040849685668945
406,1.0,1.0,1.0,0.0,48.0,4.255753993988037
407,0.0,0.0,0.0,0.0,34.0,-10.553152084350586
408,1.0,1.0,1.0,0.0,42.0,4.459654331207275
409,1.0,1.0,1.0,0.0,45.0,4.175738334655762
410,1.0,1.0,1.0,0.0,45.0,4.505416393280029
411,1.0,1.0,1.0,0.0,42.0,4.603582859039307
412,1.0,1.0,1.0,0.0,38.0,5.152203559875488
413,1.0,1.0,1.0,0.0,54.0,3.2571375370025635
414,1.0,1.0,1.0,0.0,61.0,2.8287346363067627
415,1.0,1.0,1.0,0.0,47.0,3.845038652420044
416,1.0,1.0,1.0,0.0,40.0,4.926482677459717
417,1.0,1.0,1.0,0.0,54.0,2.912142515182495
418,1.0,1.0,1.0,0.0,49.0,3.7039968967437744
419,1.0,1.0,1.0,0.0,41.0,4.687955379486084
420,1.0,1.0,1.0,0.0,52.0,3.4110560417175293
421,1.0,1.0,1.0,0.0,42.0,4.584466457366943
422,1.0,1.0,0.0,0.0,56.0,-4.530295372009277
423,1.0,1.0,1.0,0.0,40.0,4.911173343658447
424,1.0,1.0,1.0,0.0,42.0,4.764701843261719
425,1.0,1.0,1.0,0.0,58.0,2.86257004737854
426,1.0,1.0,1.0,0.0,42.0,4.943265438079834
427,1.0,1.0,1.0,0.0,70.0,0.8462619781494141
428,1.0,1.0,1.0,0.0,62.0,2.292282819747925
429,1.0,1.0,1.0,0.0,68.0,1.4680061340332031
430,1.0,1.0,1.0,0.0,58.0,3.222982168197632
431,1.0,1.0,1.0,0.0,63.0,2.170273542404175
432,1.0,1.0,1.0,0.0,61.0,2.5108790397644043
433,1.0,1.0,1.0,0.0,59.0,2.874401092529297
434,1.0,1.0,1.0,0.0,61.0,2.5906221866607666
435,1.0,1.0,1.0,0.0,46.0,4.506084442138672
436,1.0,1.0,1.0,0.0,43.0,4.671804428100586
437,1.0,1.0,1.0,0.0,51.0,3.3829658031463623
438,1.0,1.0,1.0,0.0,63.0,2.4406347274780273
439,0.0,0.0,0.0,0.0,35.0,-11.353126525878906
440,1.0,1.0,1.0,0.0,46.0,4.574030876159668
441,1.0,1.0,1.0,0.0,42.0,4.857308864593506
442,1.0,1.0,1.0,0.0,68.0,1.5258755683898926
443,1.0,1.0,0.0,0.0,46.0,-4.497621536254883
444,1.0,1.0,1.0,0.0,50.0,3.960268020629883
445,1.0,1.0,1.0,0.0,61.0,2.3897206783294678
446,1.0,1.0,1.0,0.0,50.0,3.8866353034973145
447,1.0,1.0,1.0,0.0,55.0,3.0041344165802
448,0.0,0.5,0.0,0.0,36.0,-7.894474983215332
449,1.0,1.0,1.0,0.0,70.0,1.5804667472839355
450,1.0,1.0,1.0,0.0,53.0,3.942345380783081
451,1.0,1.0,1.0,0.0,67.0,1.8209381103515625
452,1.0,1.0,1.0,0.0,43.0,4.337650775909424
453,1.0,1.0,1.0,0.0,45.0,4.531186580657959
454,1.0,1.0,1.0,0.0,43.0,4.9488043785095215
455,1.0,1.0,1.0,0.0,62.0,2.417660713195801
456,1.0,1.0,1.0,0.0,49.0,3.5558135509490967
457,1.0,1.0,1.0,0.0,66.0,0.8768825531005859
458,0.0,0.5,0.0,0.0,35.0,-8.288783073425293
459,1.0,1.0,1.0,0.0,37.0,5.494236469268799
460,1.0,1.0,1.0,0.0,52.0,3.8529410362243652
461,0.0,0.5,0.0,0.0,36.0,-8.509488105773926
462,1.0,1.0,1.0,0.0,63.0,2.3426499366760254
463,1.0,1.0,1.0,0.0,49.0,4.026882171630859
464,1.0,1.0,1.0,0.0,52.0,3.237112522125244
465,1.0,1.0,1.0,0.0,48.0,4.101188659667969
466,1.0,1.0,1.0,0.0,67.0,1.4270739555358887
467,1.0,1.0,1.0,0.0,55.0,3.144230365753174
468,1.0,1.0,1.0,0.0,59.0,2.5414061546325684
469,1.0,1.0,1.0,0.0,38.0,5.037288665771484
470,1.0,1.0,1.0,0.0,62.0,1.9980177879333496
471,1.0,1.0,1.0,0.0,68.0,1.4349722862243652
472,1.0,1.0,1.0,0.0,45.0,4.564106464385986
473,1.0,1.0,1.0,0.0,45.0,4.6654863357543945
474,1.0,1.0,1.0,0.0,53.0,3.684641122817993
475,1.0,1.0,1.0,0.0,56.0,3.2523398399353027
476,1.0,1.0,1.0,0.0,45.0,4.541551113128662
477,1.0,1.0,1.0,0.0,64.0,2.472618341445923
478,1.0,1.0,1.0,0.0,74.0,0.8977293968200684
479,1.0,1.0,1.0,0.0,60.0,2.702575922012329
480,1.0,1.0,1.0,0.0,44.0,4.677063941955566
481,1.0,1.0,1.0,0.0,42.0,4.7965850830078125
482,1.0,1.0,1.0,0.0,50.0,3.375159740447998
483,1.0,1.0,1.0,0.0,64.0,2.1523683071136475
484,1.0,1.0,1.0,0.0,45.0,4.868162155151367
485,1.0,1.0,1.0,0.0,44.0,4.293009281158447
486,1.0,1.0,1.0,0.0,75.0,0.853029727935791
487,1.0,1.0,1.0,0.0,37.0,5.6713666915893555
488,1.0,1.0,1.0,0.0,56.0,3.211733341217041
489,1.0,1.0,1.0,0.0,41.0,4.806695461273193
490,1.0,1.0,1.0,0.0,53.0,3.837785243988037
491,0.0,0.5,0.0,0.0,33.0,-8.366350173950195
492,1.0,1.0,1.0,0.0,48.0,4.22713565826416
493,1.0,1.0,1.0,0.0,45.0,4.395296096801758
494,1.0,1.0,1.0,0.0,37.0,5.507343769073486
495,1.0,1.0,1.0,0.0,45.0,4.463831424713135
496,1.0,1.0,1.0,0.0,48.0,4.225826263427734
497,1.0,1.0,1.0,0.0,56.0,3.376389980316162
498,1.0,1.0,1.0,0.0,40.0,4.859598636627197
499,1.0,1.0,1.0,0.0,70.0,1.1327171325683594
500,1.0,1.0,1.0,0.0,45.0,4.555209159851074
501,1.0,1.0,1.0,0.0,42.0,4.7805328369140625
502,1.0,1.0,1.0,0.0,40.0,5.295938491821289
503,0.0,0.5,0.0,0.0,41.0,-7.838800430297852
504,1.0,1.0,1.0,0.0,65.0,2.050764799118042
505,1.0,1.0,1.0,0.0,58.0,2.601966381072998
506,1.0,1.0,1.0,0.0,70.0,1.3559150695800781
507,1.0,1.0,1.0,0.0,62.0,2.3975749015808105
508,1.0,1.0,1.0,0.0,55.0,3.4444961547851562
509,1.0,1.0,1.0,0.0,43.0,4.636102199554443
510,1.0,1.0,1.0,0.0,34.0,5.744264125823975
511,1.0,1.0,1.0,0.0,68.0,1.3621907234191895
512,0.0,0.5,0.0,0.0,35.0,-6.99614143371582
513,0.0,0.0,0.0,0.0,18.0,-10.419767379760742
514,1.0,1.0,1.0,0.0,39.0,5.378507137298584
515,1.0,1.0,1.0,0.0,43.0,4.950651168823242
516,1.0,1.0,1.0,0.0,53.0,3.5615389347076416
517,1.0,1.0,1.0,0.0,65.0,1.9891622066497803
518,1.0,1.0,1.0,0.0,44.0,4.57998514175415
519,1.0,1.0,1.0,0.0,48.0,3.8965091705322266
520,1.0,1.0,1.0,0.0,71.0,-0.20443010330200195
521,1.0,1.0,1.0,0.0,54.0,3.4481208324432373
522,1.0,1.0,1.0,0.0,46.0,4.085837364196777
523,1.0,1.0,1.0,0.0,59.0,3.039600372314453
524,1.0,1.0,1.0,0.0,52.0,3.98492693901062
525,1.0,1.0,1.0,0.0,38.0,5.501219749450684
526,1.0,1.0,1.0,0.0,58.0,3.159217119216919
527,1.0,1.0,1.0,0.0,59.0,2.7507731914520264
528,1.0,1.0,1.0,0.0,65.0,1.9936950206756592
529,1.0,1.0,1.0,0.0,42.0,5.047304630279541
530,1.0,1.0,1.0,0.0,57.0,3.045372247695923
531,1.0,1.0,1.0,0.0,48.0,3.822683095932007
532,1.0,1.0,1.0,0.0,52.0,3.7774546146392822
533,1.0,1.0,1.0,0.0,45.0,4.470697402954102
534,1.0,1.0,1.0,0.0,55.0,3.3996379375457764
535,1.0,1.0,1.0,0.0,64.0,1.748051643371582
536,1.0,1.0,1.0,0.0,39.0,5.327889442443848
537,1.0,1.0,1.0,0.0,54.0,3.4814155101776123
538,1.0,1.0,1.0,0.0,37.0,5.295156478881836
539,1.0,1.0,1.0,0.0,45.0,4.347640514373779
540,1.0,1.0,1.0,0.0,45.0,4.824609279632568
541,1.0,1.0,1.0,0.0,46.0,4.540410995483398
542,1.0,1.0,1.0,0.0,65.0,1.5997772216796875
543,1.0,1.0,1.0,0.0,52.0,3.5771701335906982
544,1.0,1.0,1.0,0.0,59.0,2.8915469646453857
545,1.0,1.0,1.0,0.0,50.0,3.7422709465026855
546,1.0,1.0,1.0,0.0,58.0,3.2505929470062256
547,1.0,1.0,1.0,0.0,48.0,4.2207512855529785
548,1.0,1.0,1.0,0.0,46.0,4.081416130065918
549,1.0,1.0,1.0,0.0,40.0,4.814398288726807
550,1.0,1.0,1.0,0.0,50.0,3.862865447998047
551,1.0,1.0,1.0,0.0,49.0,4.031320571899414
552,1.0,1.0,1.0,0.0,41.0,4.8490190505981445
553,0.0,0.5,0.0,0.0,47.0,-9.724528312683105
554,1.0,1.0,1.0,0.0,58.0,3.243340015411377
555,0.0,0.5,0.0,0.0,45.0,-9.804919242858887
556,1.0,1.0,1.0,0.0,43.0,4.415371894836426
557,1.0,1.0,1.0,0.0,36.0,5.424090385437012
558,1.0,1.0,1.0,0.0,39.0,5.0012431144714355
559,1.0,1.0,1.0,0.0,40.0,4.638992786407471
560,1.0,1.0,1.0,0.0,50.0,3.6979169845581055
561,1.0,1.0,1.0,0.0,54.0,3.6670074462890625
562,1.0,1.0,1.0,0.0,59.0,3.2126386165618896
563,1.0,1.0,1.0,0.0,39.0,5.1285576820373535
564,1.0,1.0,1.0,0.0,56.0,2.798513889312744
565,0.0,0.5,0.0,0.0,37.0,-8.408256530761719
566,1.0,1.0,1.0,0.0,36.0,5.531354904174805
567,0.0,0.5,0.0,0.0,60.0,-10.821630477905273
568,1.0,1.0,1.0,0.0,48.0,4.475828170776367
569,1.0,1.0,1.0,0.0,49.0,4.23779296875
570,1.0,1.0,1.0,0.0,34.0,5.73975133895874
571,1.0,1.0,1.0,0.0,54.0,3.652346611022949
572,1.0,1.0,1.0,0.0,63.0,2.3595030307769775
573,1.0,1.0,1.0,0.0,52.0,3.622776508331299
574,1.0,1.0,1.0,0.0,39.0,5.313580513000488
575,1.0,1.0,1.0,0.0,50.0,3.772641181945801
576,1.0,1.0,1.0,0.0,50.0,3.604665517807007
577,1.0,1.0,1.0,0.0,53.0,3.4138078689575195
578,1.0,1.0,1.0,0.0,60.0,2.6536338329315186
579,1.0,1.0,1.0,0.0,46.0,4.375608444213867
580,0.0,0.5,0.0,0.0,41.0,-8.725045204162598
581,1.0,1.0,1.0,0.0,50.0,3.8781440258026123
582,1.0,1.0,1.0,0.0,59.0,2.934192419052124
583,1.0,1.0,1.0,0.0,42.0,4.349503993988037
584,1.0,1.0,1.0,0.0,50.0,3.531986713409424
585,1.0,1.0,1.0,0.0,44.0,4.486437797546387
586,1.0,1.0,1.0,0.0,47.0,3.915201187133789
587,1.0,1.0,1.0,0.0,39.0,5.245301246643066
588,1.0,1.0,1.0,0.0,56.0,2.7936594486236572
589,1.0,1.0,1.0,0.0,48.0,4.200743675231934
590,1.0,1.0,1.0,0.0,61.0,2.736764907836914
591,1.0,1.0,1.0,0.0,72.0,1.0650978088378906
592,1.0,1.0,1.0,0.0,56.0,2.8522281646728516
593,1.0,1.0,1.0,0.0,46.0,4.579559803009033
594,0.0,0.5,0.0,0.0,53.0,-10.59628677368164
595,1.0,1.0,1.0,0.0,55.0,2.767616033554077
596,1.0,1.0,1.0,0.0,42.0,4.885138034820557
597,1.0,1.0,1.0,0.0,57.0,3.295205593109131
598,1.0,1.0,1.0,0.0,46.0,4.495944499969482
599,1.0,1.0,1.0,0.0,62.0,1.9884274005889893
600,1.0,1.0,1.0,0.0,63.0,2.211336135864258
601,1.0,1.0,1.0,0.0,45.0,4.224664688110352
602,1.0,1.0,1.0,0.0,45.0,4.197024345397949
603,1.0,1.0,1.0,0.0,40.0,5.235997200012207
604,1.0,1.0,1.0,0.0,43.0,4.63381814956665
605,1.0,1.0,1.0,0.0,37.0,5.391388416290283
606,0.0,0.5,0.0,0.0,44.0,-9.287190437316895
607,1.0,1.0,1.0,0.0,69.0,1.5196681022644043
608,1.0,1.0,1.0,0.0,44.0,4.563860893249512
609,1.0,1.0,0.6666666865348816,0.0,60.0,-0.9266338348388672
610,1.0,1.0,1.0,0.0,55.0,3.7024359703063965
611,1.0,1.0,1.0,0.0,38.0,5.069189071655273
612,1.0,1.0,1.0,0.0,49.0,4.236780166625977
613,1.0,1.0,1.0,0.0,43.0,4.194982528686523
614,1.0,1.0,1.0,0.0,60.0,2.6444621086120605
615,1.0,1.0,1.0,0.0,56.0,3.48005747795105
616,0.0,0.0,0.0,0.0,16.0,-8.3651704788208
617,1.0,1.0,1.0,0.0,52.0,3.653294324874878
618,1.0,1.0,1.0,0.0,61.0,2.6965866088867188
619,1.0,1.0,1.0,0.0,49.0,3.9144203662872314
620,1.0,1.0,1.0,0.0,40.0,4.703839302062988
621,1.0,1.0,1.0,0.0,67.0,1.604032039642334
622,1.0,1.0,1.0,0.0,48.0,3.641138792037964
623,1.0,1.0,1.0,0.0,73.0,1.249007225036621
624,1.0,1.0,1.0,0.0,79.0,0.2436351776123047
625,1.0,1.0,1.0,0.0,55.0,3.557901382446289
626,1.0,1.0,1.0,0.0,36.0,5.545022964477539
627,1.0,1.0,1.0,0.0,62.0,2.4804186820983887
628,1.0,1.0,1.0,0.0,40.0,5.132174968719482
629,1.0,1.0,1.0,0.0,40.0,5.167380332946777
630,1.0,1.0,1.0,0.0,61.0,2.5076513290405273
631,1.0,1.0,1.0,0.0,49.0,3.7238309383392334
632,1.0,1.0,1.0,0.0,50.0,3.8864688873291016
633,1.0,1.0,1.0,0.0,54.0,3.620441436767578
634,1.0,1.0,1.0,0.0,38.0,5.379925727844238
635,1.0,1.0,1.0,0.0,49.0,4.175142765045166
636,1.0,1.0,1.0,0.0,65.0,2.4561989307403564
637,1.0,1.0,1.0,0.0,70.0,0.9871788024902344
638,1.0,1.0,1.0,0.0,55.0,3.371189832687378
639,1.0,1.0,1.0,0.0,53.0,3.915534019470215
640,1.0,1.0,1.0,0.0,41.0,4.576148986816406
641,1.0,1.0,1.0,0.0,62.0,2.3079402446746826
642,1.0,1.0,1.0,0.0,38.0,5.574736595153809
643,1.0,1.0,1.0,0.0,43.0,4.514956474304199
644,1.0,1.0,1.0,0.0,44.0,5.057131767272949
645,1.0,1.0,1.0,0.0,63.0,2.1326053142547607
646,1.0,1.0,1.0,0.0,41.0,5.251448631286621
647,1.0,1.0,1.0,0.0,43.0,4.392971038818359
648,0.0,0.5,0.0,0.0,38.0,-8.50721549987793
649,1.0,1.0,1.0,0.0,49.0,3.5007762908935547
650,1.0,1.0,1.0,0.0,57.0,2.8415493965148926
651,1.0,1.0,1.0,0.0,61.0,2.1828348636627197
652,1.0,1.0,1.0,0.0,41.0,5.104262351989746
653,1.0,1.0,1.0,0.0,59.0,3.032259702682495
654,1.0,1.0,1.0,0.0,41.0,4.934413433074951
655,1.0,1.0,1.0,0.0,41.0,4.640660285949707
656,1.0,1.0,1.0,0.0,40.0,5.025125503540039
657,1.0,1.0,1.0,0.0,64.0,1.7714285850524902
658,1.0,1.0,1.0,0.0,45.0,4.46756649017334
659,1.0,1.0,1.0,0.0,59.0,2.868725538253784
660,1.0,1.0,1.0,0.0,37.0,5.565277576446533
661,1.0,1.0,1.0,0.0,44.0,4.450885772705078
662,1.0,1.0,1.0,0.0,46.0,4.408318519592285
663,1.0,1.0,1.0,0.0,67.0,1.6866250038146973
664,1.0,1.0,1.0,0.0,44.0,4.467034339904785
665,1.0,1.0,1.0,0.0,41.0,4.840028762817383
666,1.0,1.0,1.0,0.0,55.0,3.5174343585968018
667,1.0,1.0,1.0,0.0,55.0,2.8206729888916016
668,1.0,1.0,1.0,0.0,52.0,3.676563262939453
669,1.0,1.0,1.0,0.0,42.0,4.751376152038574
670,1.0,1.0,1.0,0.0,43.0,4.737298488616943
671,1.0,1.0,1.0,0.0,54.0,3.279493570327759
672,1.0,1.0,1.0,0.0,39.0,5.011931419372559
673,1.0,1.0,1.0,0.0,49.0,3.7464096546173096
674,1.0,1.0,1.0,0.0,56.0,3.5459988117218018
675,1.0,1.0,1.0,0.0,37.0,5.42304801940918
676,1.0,1.0,1.0,0.0,66.0,1.8019976615905762
677,1.0,1.0,1.0,0.0,53.0,3.7339847087860107
678,1.0,1.0,1.0,0.0,53.0,3.4746878147125244
679,1.0,1.0,1.0,0.0,56.0,2.9765617847442627
680,1.0,1.0,1.0,0.0,41.0,4.883062839508057
681,1.0,1.0,1.0,0.0,45.0,4.629828929901123
682,1.0,1.0,1.0,0.0,48.0,4.150882720947266
683,1.0,1.0,1.0,0.0,77.0,-0.6110515594482422
684,1.0,1.0,1.0,0.0,64.0,2.150336503982544
685,1.0,1.0,1.0,0.0,70.0,0.9541764259338379
686,1.0,1.0,1.0,0.0,49.0,3.4875917434692383
687,1.0,1.0,1.0,0.0,43.0,4.235024452209473
688,1.0,1.0,1.0,0.0,58.0,2.9192826747894287
689,1.0,1.0,1.0,0.0,75.0,0.7018427848815918
690,1.0,1.0,1.0,0.0,69.0,1.5090012550354004
691,1.0,1.0,1.0,0.0,57.0,3.1632168292999268
692,1.0,1.0,1.0,0.0,56.0,3.4341254234313965
693,1.0,1.0,1.0,0.0,51.0,3.6813712120056152
694,1.0,1.0,1.0,0.0,42.0,4.772879600524902
695,1.0,1.0,1.0,0.0,55.0,2.9510979652404785
696,1.0,1.0,1.0,0.0,50.0,4.2296295166015625
697,1.0,1.0,1.0,0.0,52.0,3.734609842300415
698,0.0,0.5,0.0,0.0,34.0,-8.65587043762207
699,1.0,1.0,1.0,0.0,45.0,4.61647891998291
700,1.0,1.0,1.0,0.0,60.0,2.71954345703125
701,1.0,1.0,1.0,0.0,54.0,3.5873897075653076
702,0.0,0.5,0.0,0.0,48.0,-10.362649917602539
703,1.0,1.0,1.0,0.0,53.0,2.991089344024658
704,1.0,1.0,1.0,0.0,62.0,2.4068992137908936
705,1.0,1.0,1.0,0.0,48.0,3.6474578380584717
706,1.0,1.0,1.0,0.0,48.0,4.332892894744873
707,1.0,1.0,1.0,0.0,43.0,4.867649078369141
708,1.0,1.0,1.0,0.0,36.0,5.595536231994629
709,0.0,0.5,0.0,0.0,50.0,-10.08991813659668
710,1.0,1.0,1.0,0.0,43.0,4.892646789550781
711,1.0,1.0,1.0,0.0,69.0,1.4359245300292969
712,1.0,1.0,0.6666666865348816,0.0,63.0,-0.8473532199859619
713,1.0,1.0,1.0,0.0,64.0,1.3332629203796387
714,1.0,1.0,1.0,0.0,69.0,1.3088006973266602
715,1.0,1.0,1.0,0.0,51.0,3.6373445987701416
716,1.0,1.0,1.0,0.0,35.0,5.6405720710754395
717,1.0,1.0,1.0,0.0,60.0,2.1540331840515137
718,1.0,1.0,1.0,0.0,66.0,1.5863723754882812
719,1.0,1.0,1.0,0.0,61.0,2.235276937484741
720,1.0,1.0,1.0,0.0,40.0,5.36803674697876
721,1.0,1.0,1.0,0.0,43.0,4.796792984008789
722,1.0,1.0,1.0,0.0,45.0,4.582720756530762
723,1.0,1.0,1.0,0.0,56.0,2.9928395748138428
724,1.0,1.0,1.0,0.0,53.0,3.644397020339966
725,1.0,1.0,1.0,0.0,75.0,0.016304492950439453
726,1.0,1.0,1.0,0.0,72.0,1.0939273834228516
727,1.0,1.0,1.0,0.0,59.0,2.838277816772461
728,0.0,0.5,0.0,0.0,36.0,-5.389575958251953
729,1.0,1.0,1.0,0.0,47.0,4.5062785148620605
730,1.0,1.0,1.0,0.0,43.0,4.9059953689575195
731,1.0,1.0,1.0,0.0,44.0,4.570218086242676
732,1.0,1.0,1.0,0.0,56.0,3.446451425552368
733,1.0,1.0,1.0,0.0,54.0,3.122192621231079
734,0.0,0.5,0.0,0.0,53.0,-11.04431438446045
735,1.0,1.0,1.0,0.0,51.0,3.34026837348938
736,0.0,0.0,0.0,0.0,20.0,-9.226606369018555
737,1.0,1.0,1.0,0.0,58.0,2.9701030254364014
738,1.0,1.0,1.0,0.0,39.0,5.253010272979736
739,1.0,1.0,1.0,0.0,47.0,4.549272537231445
740,1.0,1.0,1.0,0.0,38.0,5.359189987182617
741,1.0,1.0,1.0,0.0,69.0,1.7064037322998047
742,1.0,1.0,1.0,0.0,63.0,2.193831443786621
743,1.0,1.0,1.0,0.0,68.0,1.65167236328125
744,1.0,1.0,1.0,0.0,54.0,3.9420981407165527
745,1.0,1.0,1.0,0.0,43.0,4.88131856918335
746,1.0,1.0,1.0,0.0,47.0,4.216460227966309
747,1.0,1.0,1.0,0.0,61.0,2.7674150466918945
748,1.0,1.0,1.0,0.0,51.0,3.9534149169921875
749,1.0,1.0,1.0,0.0,49.0,4.209090232849121
750,1.0,1.0,1.0,0.0,40.0,4.905580997467041
751,1.0,1.0,1.0,0.0,46.0,4.006237030029297
752,0.0,0.5,0.0,0.0,41.0,-9.371902465820312
753,1.0,1.0,1.0,0.0,44.0,4.446612358093262
754,1.0,1.0,1.0,0.0,51.0,3.891328811645508
755,1.0,1.0,1.0,0.0,77.0,0.14716482162475586
756,1.0,1.0,1.0,0.0,79.0,0.39799928665161133
757,1.0,1.0,1.0,0.0,38.0,5.23936653137207
758,1.0,1.0,1.0,0.0,39.0,5.314058303833008
759,1.0,1.0,1.0,0.0,80.0,0.3147854804992676
760,1.0,1.0,1.0,0.0,52.0,4.009922981262207
761,1.0,1.0,1.0,0.0,49.0,3.8480191230773926
762,1.0,1.0,1.0,0.0,50.0,3.9234724044799805
763,1.0,1.0,1.0,0.0,37.0,5.501279830932617
764,0.0,0.0,0.0,0.0,37.0,-12.330851554870605
765,1.0,1.0,1.0,0.0,39.0,5.076537609100342
766,1.0,1.0,1.0,0.0,49.0,4.169613361358643
767,1.0,1.0,1.0,0.0,49.0,3.969447135925293
768,1.0,1.0,1.0,0.0,36.0,5.837095260620117
769,1.0,1.0,1.0,0.0,66.0,1.8667120933532715
770,0.0,0.5,0.0,0.0,42.0,-7.9691243171691895
771,1.0,1.0,1.0,0.0,40.0,5.029708385467529
772,1.0,1.0,1.0,0.0,58.0,2.9523065090179443
773,1.0,1.0,1.0,0.0,39.0,5.062230110168457
774,0.0,0.5,0.0,0.0,35.0,-8.375163078308105
775,1.0,1.0,1.0,0.0,50.0,3.57112979888916
776,1.0,1.0,1.0,0.0,56.0,3.272198438644409
777,1.0,1.0,1.0,0.0,42.0,4.5065836906433105
778,0.0,0.5,0.0,0.0,30.0,-6.539079666137695
779,1.0,1.0,1.0,0.0,46.0,4.164390563964844
780,1.0,1.0,1.0,0.0,48.0,4.25435733795166
781,1.0,1.0,1.0,0.0,55.0,2.8168563842773438
782,1.0,1.0,1.0,0.0,50.0,3.6052041053771973
783,1.0,1.0,1.0,0.0,60.0,2.7205660343170166
784,1.0,1.0,1.0,0.0,60.0,2.6486551761627197
785,1.0,1.0,1.0,0.0,56.0,3.0158016681671143
786,1.0,1.0,1.0,0.0,76.0,0.0675497055053711
787,1.0,1.0,1.0,0.0,46.0,4.151591777801514
788,1.0,1.0,1.0,0.0,53.0,3.1770803928375244
789,1.0,1.0,1.0,0.0,34.0,6.088778972625732
790,1.0,1.0,1.0,0.0,45.0,4.746173858642578
791,1.0,1.0,1.0,0.0,43.0,4.883449077606201
792,1.0,1.0,1.0,0.0,39.0,5.2980546951293945
793,1.0,1.0,1.0,0.0,44.0,4.767673492431641
794,1.0,1.0,1.0,0.0,60.0,2.73651123046875
795,1.0,1.0,1.0,0.0,35.0,5.730216026306152
796,1.0,1.0,1.0,0.0,41.0,4.758943557739258
797,1.0,1.0,1.0,0.0,69.0,1.2582058906555176
798,1.0,1.0,1.0,0.0,47.0,4.286766052246094
799,1.0,1.0,1.0,0.0,44.0,4.626862049102783
800,1.0,1.0,1.0,0.0,54.0,3.0623559951782227
801,1.0,1.0,1.0,0.0,43.0,4.119047164916992
802,1.0,1.0,1.0,0.0,38.0,5.180282115936279
803,1.0,1.0,1.0,0.0,40.0,4.814116954803467
804,1.0,1.0,1.0,0.0,51.0,3.873929262161255
805,1.0,1.0,1.0,0.0,45.0,4.508172512054443
806,1.0,1.0,1.0,0.0,40.0,5.287278652191162
807,1.0,1.0,1.0,0.0,61.0,2.5192012786865234
808,1.0,1.0,1.0,0.0,44.0,4.44274377822876
809,1.0,1.0,1.0,0.0,43.0,4.389566421508789
810,1.0,1.0,1.0,0.0,67.0,1.5431475639343262
811,1.0,1.0,1.0,0.0,46.0,3.9538698196411133
812,0.0,0.0,0.0,0.0,21.0,-10.946426391601562
813,1.0,1.0,1.0,0.0,53.0,3.1644554138183594
814,1.0,1.0,1.0,0.0,65.0,2.438706398010254
815,1.0,1.0,1.0,0.0,55.0,3.457329750061035
816,1.0,1.0,1.0,0.0,40.0,5.317354679107666
817,1.0,1.0,1.0,0.0,39.0,5.414115905761719
818,1.0,1.0,1.0,0.0,71.0,1.3569221496582031
819,1.0,1.0,1.0,0.0,60.0,3.1228389739990234
820,1.0,1.0,1.0,0.0,42.0,4.225010871887207
821,1.0,1.0,1.0,0.0,68.0,0.9909825325012207
822,1.0,1.0,1.0,0.0,69.0,1.183091163635254
823,1.0,1.0,1.0,0.0,54.0,3.044182300567627
824,1.0,1.0,1.0,0.0,39.0,5.410541534423828
825,1.0,1.0,1.0,0.0,61.0,1.9494967460632324
826,1.0,1.0,1.0,0.0,45.0,4.207087516784668
827,1.0,1.0,1.0,0.0,46.0,3.6734459400177
828,1.0,1.0,1.0,0.0,53.0,3.3435845375061035
829,1.0,1.0,1.0,0.0,64.0,1.801966667175293
830,1.0,1.0,1.0,0.0,64.0,2.367520809173584
831,1.0,1.0,1.0,0.0,61.0,2.8703975677490234
832,1.0,1.0,1.0,0.0,43.0,4.6844329833984375
833,1.0,1.0,1.0,0.0,50.0,3.662283182144165
834,1.0,1.0,1.0,0.0,65.0,1.8371520042419434
835,1.0,1.0,1.0,0.0,41.0,4.761967182159424
836,1.0,1.0,1.0,0.0,57.0,2.472320318222046
837,1.0,1.0,1.0,0.0,37.0,5.233626365661621
838,1.0,1.0,1.0,0.0,39.0,5.153122901916504
839,1.0,1.0,1.0,0.0,58.0,2.965172290802002
840,1.0,1.0,1.0,0.0,39.0,5.252253532409668
841,0.0,0.5,0.0,0.0,54.0,-8.43664836883545
842,1.0,1.0,1.0,0.0,71.0,1.1758747100830078
843,1.0,1.0,1.0,0.0,52.0,3.4623239040374756
844,1.0,1.0,1.0,0.0,48.0,3.482534885406494
845,1.0,1.0,1.0,0.0,50.0,3.5398523807525635
846,1.0,1.0,1.0,0.0,63.0,2.5078611373901367
847,1.0,1.0,1.0,0.0,42.0,4.9557695388793945
848,1.0,1.0,1.0,0.0,38.0,5.704169273376465
849,1.0,1.0,1.0,0.0,50.0,3.7333648204803467
850,1.0,1.0,1.0,0.0,39.0,5.337516784667969
851,1.0,1.0,1.0,0.0,49.0,4.277955055236816
852,1.0,1.0,1.0,0.0,39.0,5.39358377456665
853,1.0,1.0,1.0,0.0,48.0,3.947547197341919
854,1.0,1.0,1.0,0.0,44.0,4.628879547119141
855,1.0,1.0,1.0,0.0,50.0,3.8672759532928467
856,1.0,1.0,1.0,0.0,41.0,4.646760940551758
857,1.0,1.0,1.0,0.0,45.0,3.876683235168457
858,1.0,1.0,1.0,0.0,40.0,5.249329566955566
859,1.0,1.0,1.0,0.0,48.0,4.449154376983643
860,1.0,1.0,1.0,0.0,41.0,4.995748043060303
861,1.0,1.0,1.0,0.0,60.0,2.682894706726074
862,1.0,1.0,1.0,0.0,58.0,2.8347060680389404
863,1.0,1.0,1.0,0.0,38.0,5.251494407653809
864,1.0,1.0,1.0,0.0,57.0,2.685384750366211
865,1.0,1.0,1.0,0.0,48.0,4.109793663024902
866,1.0,1.0,1.0,0.0,57.0,2.7741641998291016
867,1.0,1.0,1.0,0.0,48.0,3.8695836067199707
868,1.0,1.0,1.0,0.0,63.0,2.463660955429077
869,1.0,1.0,1.0,0.0,59.0,2.7960143089294434
870,1.0,1.0,1.0,0.0,49.0,3.302164316177368
871,1.0,1.0,1.0,0.0,43.0,4.730215549468994
872,1.0,1.0,1.0,0.0,54.0,3.4506235122680664
873,1.0,1.0,1.0,0.0,46.0,4.469424724578857
874,1.0,1.0,1.0,0.0,40.0,4.997206211090088
875,0.0,0.0,0.0,0.0,43.0,-8.767925262451172
876,1.0,1.0,1.0,0.0,53.0,3.6088123321533203
877,1.0,1.0,1.0,0.0,37.0,5.393773555755615
878,1.0,1.0,1.0,0.0,50.0,3.982457160949707
879,1.0,1.0,1.0,0.0,64.0,1.7394680976867676
880,1.0,1.0,1.0,0.0,49.0,4.236861228942871
881,1.0,1.0,1.0,0.0,49.0,3.8973608016967773
882,1.0,1.0,1.0,0.0,57.0,2.684235095977783
883,1.0,1.0,1.0,0.0,42.0,4.724327564239502
884,1.0,1.0,1.0,0.0,43.0,4.166267395019531
885,1.0,1.0,1.0,0.0,42.0,4.54700231552124
886,1.0,1.0,1.0,0.0,52.0,2.7646238803863525
887,1.0,1.0,1.0,0.0,69.0,1.684335708618164
888,1.0,1.0,1.0,0.0,78.0,0.2931690216064453
889,1.0,1.0,1.0,0.0,51.0,4.030135154724121
890,1.0,1.0,1.0,0.0,40.0,4.710185527801514
891,1.0,1.0,1.0,0.0,61.0,2.3872461318969727
892,0.0,0.5,0.0,0.0,66.0,-10.559114456176758
893,1.0,1.0,1.0,0.0,48.0,4.141593933105469
894,1.0,1.0,1.0,0.0,40.0,5.149063587188721
895,1.0,1.0,1.0,0.0,44.0,4.763576984405518
896,1.0,1.0,1.0,0.0,63.0,2.3312535285949707
897,1.0,1.0,1.0,0.0,47.0,4.235764503479004
898,1.0,1.0,1.0,0.0,57.0,2.6536130905151367
899,1.0,1.0,1.0,0.0,40.0,5.179302215576172
900,1.0,1.0,1.0,0.0,42.0,4.066992282867432
901,1.0,1.0,1.0,0.0,58.0,2.5320465564727783
902,1.0,1.0,1.0,0.0,48.0,4.38066291809082
903,1.0,1.0,1.0,0.0,55.0,3.4143481254577637
904,1.0,1.0,1.0,0.0,50.0,3.5294415950775146
905,1.0,1.0,1.0,0.0,36.0,5.711463451385498
906,1.0,1.0,1.0,0.0,56.0,3.171341896057129
907,1.0,1.0,1.0,0.0,69.0,1.3016571998596191
908,1.0,1.0,1.0,0.0,46.0,4.480146408081055
909,1.0,1.0,1.0,0.0,47.0,4.073689937591553
910,1.0,1.0,1.0,0.0,70.0,1.400740623474121
911,1.0,1.0,1.0,0.0,72.0,1.5024056434631348
912,1.0,1.0,1.0,0.0,65.0,2.309840679168701
913,1.0,1.0,1.0,0.0,59.0,3.0530126094818115
914,1.0,1.0,1.0,0.0,70.0,1.490656852722168
915,1.0,1.0,1.0,0.0,43.0,4.518892288208008
916,1.0,1.0,1.0,0.0,75.0,0.9625363349914551
917,1.0,1.0,1.0,0.0,39.0,5.203367233276367
918,1.0,1.0,1.0,0.0,45.0,4.629807949066162
919,1.0,1.0,1.0,0.0,57.0,3.1119351387023926
920,1.0,1.0,1.0,0.0,43.0,4.522326469421387
921,0.0,0.5,0.0,0.0,34.0,-7.305902004241943
922,1.0,1.0,1.0,0.0,60.0,2.6032943725585938
923,1.0,1.0,1.0,0.0,51.0,3.899031400680542
924,1.0,1.0,1.0,0.0,51.0,3.8562142848968506
925,1.0,1.0,1.0,0.0,50.0,3.9015610218048096
926,1.0,1.0,1.0,0.0,42.0,4.855874061584473
927,1.0,1.0,1.0,0.0,45.0,4.939043998718262
928,1.0,1.0,1.0,0.0,45.0,4.7306365966796875
929,0.0,0.5,0.0,0.0,37.0,-8.285948753356934
930,1.0,1.0,1.0,0.0,62.0,2.4750285148620605
931,1.0,1.0,1.0,0.0,43.0,4.917088985443115
932,1.0,1.0,0.6666666865348816,0.0,74.0,-2.4048166275024414
933,1.0,1.0,1.0,0.0,40.0,4.766679763793945
934,1.0,1.0,1.0,0.0,44.0,4.130467891693115
935,1.0,1.0,1.0,0.0,43.0,4.496472358703613
936,1.0,1.0,1.0,0.0,46.0,4.301197052001953
937,1.0,1.0,1.0,0.0,48.0,3.9715700149536133
938,1.0,1.0,1.0,0.0,38.0,5.3648834228515625
939,1.0,1.0,1.0,0.0,44.0,4.103802680969238
940,1.0,1.0,1.0,0.0,67.0,1.9733726978302002
941,1.0,1.0,1.0,0.0,37.0,5.525801658630371
942,0.0,0.5,0.0,0.0,45.0,-10.037466049194336
943,1.0,1.0,1.0,0.0,39.0,5.250237941741943
944,1.0,1.0,1.0,0.0,46.0,4.217601299285889
945,1.0,1.0,1.0,0.0,40.0,5.150099754333496
946,1.0,1.0,1.0,0.0,70.0,1.7285337448120117
947,1.0,1.0,1.0,0.0,47.0,4.369456768035889
948,1.0,1.0,1.0,0.0,55.0,3.5027272701263428
949,0.0,0.5,0.0,0.0,44.0,-9.205228805541992
950,1.0,1.0,1.0,0.0,51.0,3.9070160388946533
951,1.0,1.0,1.0,0.0,43.0,4.748488426208496
952,1.0,1.0,1.0,0.0,38.0,5.342545509338379
953,1.0,1.0,1.0,0.0,45.0,4.717770576477051
954,0.0,0.5,0.0,0.0,57.0,-10.66785717010498
955,1.0,1.0,1.0,0.0,46.0,4.679583549499512
956,1.0,1.0,1.0,0.0,58.0,3.263638973236084
957,1.0,1.0,1.0,0.0,59.0,2.831757068634033
958,1.0,1.0,1.0,0.0,50.0,3.9576525688171387
959,1.0,1.0,1.0,0.0,62.0,2.612422227859497
960,1.0,1.0,1.0,0.0,46.0,4.2757463455200195
961,0.0,0.5,0.0,0.0,67.0,-12.829740524291992
962,1.0,1.0,1.0,0.0,44.0,4.56690788269043
963,1.0,1.0,1.0,0.0,47.0,4.646240234375
964,0.0,0.5,0.0,0.0,39.0,-8.849535942077637
965,1.0,1.0,1.0,0.0,52.0,3.5014331340789795
966,1.0,1.0,1.0,0.0,50.0,3.4986093044281006
967,1.0,1.0,1.0,0.0,53.0,3.2808356285095215
968,1.0,1.0,1.0,0.0,39.0,5.1217265129089355
969,1.0,1.0,1.0,0.0,68.0,1.5703649520874023
970,1.0,1.0,1.0,0.0,69.0,1.3591885566711426
971,0.0,0.5,0.0,0.0,52.0,-10.40897274017334
972,1.0,1.0,1.0,0.0,42.0,4.718686580657959
973,1.0,1.0,1.0,0.0,64.0,1.6332530975341797
974,1.0,1.0,1.0,0.0,53.0,3.2896029949188232
975,1.0,1.0,1.0,0.0,51.0,3.864885091781616
976,1.0,1.0,1.0,0.0,53.0,3.665889024734497
977,1.0,1.0,1.0,0.0,60.0,2.652341604232788
978,0.0,0.5,0.0,0.0,39.0,-9.016653060913086
979,1.0,1.0,1.0,0.0,54.0,3.6554014682769775
980,1.0,1.0,1.0,0.0,36.0,5.69305419921875
981,0.0,0.5,0.0,0.0,36.0,-8.39004898071289
982,1.0,1.0,1.0,0.0,55.0,3.3871004581451416
983,1.0,1.0,1.0,0.0,38.0,5.288262844085693
984,0.0,0.5,0.0,0.0,37.0,-9.22541332244873
985,1.0,1.0,1.0,0.0,49.0,4.306868553161621
986,1.0,1.0,1.0,0.0,46.0,4.424820899963379
987,1.0,1.0,1.0,0.0,46.0,4.1547722816467285
988,1.0,1.0,1.0,0.0,58.0,2.825831651687622
989,1.0,1.0,1.0,0.0,59.0,2.716705799102783
990,1.0,1.0,1.0,0.0,53.0,3.3732378482818604
991,1.0,1.0,1.0,0.0,40.0,4.917821884155273
992,1.0,1.0,1.0,0.0,44.0,4.653140544891357
993,1.0,1.0,1.0,0.0,40.0,5.2964677810668945
994,1.0,1.0,1.0,0.0,46.0,4.3320207595825195
995,1.0,1.0,1.0,0.0,45.0,4.318840026855469
996,1.0,1.0,1.0,0.0,42.0,4.807872772216797
997,1.0,1.0,1.0,0.0,64.0,2.1606285572052
998,1.0,1.0,1.0,0.0,47.0,4.568140029907227
999,1.0,1.0,1.0,0.0,45.0,4.471730709075928
